Method,CUMRET,R/R
Market,0.03793706685081712,0.005463632172162911
TC_random_tuning,-0.15815563234503116,-0.07606323550524607
TC_genetic_algorithm_tuning,0.16450551753218817,0.08006844041009706
